{
"meta":{"test_sets":[],"test_metrics":[],"learn_metrics":[{"best_value":"Min","name":"MultiClass"}],"launch_mode":"Train","parameters":"","iteration_count":660,"learn_sets":["learn"],"name":"experiment"},
"iterations":[
{"learn":[0.66924473],"iteration":0,"passed_time":0.1528742308,"remaining_time":100.7441181},
{"learn":[0.6418498624],"iteration":1,"passed_time":0.1644308988,"remaining_time":54.09776572},
{"learn":[0.6118395305],"iteration":2,"passed_time":0.1757967528,"remaining_time":38.49948886},
,
{"learn":[0.5940156962],"iteration":3,"passed_time":0.1797783192,"remaining_time":29.4836443,
,
{"learn":[0.5716622947],"iteration":4,"passed_time":0.190694115,"remaining_time":24.980929,
,,
{"learn":[0.556137291],"iteration":5,"passed_time":0.2006825495,"remaining_time":21.8743979,,
{"learn":[0.5427825688],"iteration":6,"passed_time":0.2114036151,"remaining_time":19.72093723},
{"learn":[0.5391605536],"iteration":7,"passed_time":0.2141518919,"remaining_time":17.4533791,,,
{"learn":[0.5274679599],"iteration":8,"passed_time":0.2262380442,"remaining_time":16.3645518,,,
{"learn":[0.5182443529],"iteration":9,"passed_time":0.2372534784,"remaining_time":15.421476,
,,
{"learn":[0.5074110647],"iteration":10,"passed_time":0.2470974259,"remaining_time":14.578748,
,,
{"learn":[0.5005922628],"iteration":11,"passed_time":0.256082051,"remaining_time":13.8284307,
,
{"learn":[0.4890694983],"iteration":12,"passed_time":0.2664778159,"remaining_time":13.2623959,,,
{"learn":[0.4837670786],"iteration":13,"passed_time":0.2769811745,"remaining_time":12.7807027,
,
{"learn":[0.4782119712],"iteration":14,"passed_time":0.2867652945,"remaining_time":12.3309076,
,
{"learn":[0.4695085348],"iteration":15,"passed_time":0.2928226601,"remaining_time":11.786112,
{,
{"learn":[0.4568298785],"iteration":16,"passed_time":0.2995541238,"remaining_time":11.330194,
{,
{"learn":[0.449936055],"iteration":17,"passed_time":0.3063905453,"remaining_time":10.927929,
{,
{"learn":[0.4422049533],"iteration":18,"passed_time":0.3132022613,"remaining_time":10.566455,
{,
{"learn":[0.4373717557],"iteration":19,"passed_time":0.3204186034,"remaining_time":10.253395,
{,
{"learn":[0.4325681178],"iteration":20,"passed_time":0.3271301009,"remaining_time":9.9541016,
{,
{"learn":[0.4287935324],"iteration":21,"passed_time":0.3338123633,"remaining_time":9.6805585,
{"learn":[0.3249510544],"iteration":22,"passed_time":0.3331236597,"remaining_time":9.226077009}
]}